{"cameraMode":{"drawMode":0,"name":"Shaded","section":"Shading Mode"},"sceneLighting":false,"audioPlay":false,"sceneViewState":{"m_AlwaysRefresh":false,"showFog":true,"showSkybox":false,"showFlares":true,"showImageEffects":true,"showParticleSystems":true,"showVisualEffectGraphs":true,"m_FxEnabled":true},"in2DMode":false,"pivot":{"x":1.7849998474121094,"y":0.8950814008712769,"z":0.7789993286132813},"rotation":{"x":-0.08974107354879379,"y":-0.6788690090179443,"z":0.08412138372659683,"w":-0.7239444255828857},"size":0.9146763682365418,"orthographic":false}